Año,variable,value
2019,hidro,68.29499210908203
2019,geotermica,13.198641952536208
2019,eolica,15.674797709634095
2019,biomasa,1.475096282288107
2019,solar,0.5219810118650998
2019,termica,0.8345151733226619
